{"grid":{"cell_nodes":{"ptrs":[1,4,7,10,13,16,19,22,25,28,31,34,37,40,43,46,49,52,55,58,61,64,67,70,73,76,79,82,85,88,91,94,97,100,103,106,109,112,115,118,121,124,127,130,133,136,139,142,145,148,151,154,157,160,163,166,169,172,175,178,181,184,187,190,193,196,199,202,205,208,211,214,217,220,223,226,229,232,235,238,241,244,247,250,253,256,259,262,265,268,271,274,277,280,283,286,289,292,295,298,301,304,307,310,313,316,319,322,325,328,331,334,337,340,343,346,349,352,355,358,361,364,367,370,373,376,379,382,385,388,391,394,397,400,403,406,409,412,415,418,421,424,427,430,433,436,439,442,445,448,451,454,457,460,463,466,469,472,475,478,481,484,487,490,493,496,499,502,505,508,511,514,517,520,523,526,529,532,535,538],"data":[32,33,90,32,34,78,11,70,71,11,71,89,32,64,90,11,63,89,2,96,97,43,57,59,35,36,79,45,57,58,52,60,61,12,13,93,30,31,95,21,67,99,67,69,76,74,96,97,2,95,96,35,78,79,38,39,70,12,77,93,49,50,97,20,21,67,21,68,99,58,73,77,37,69,76,19,20,66,69,70,99,3,21,68,13,83,93,68,70,99,67,69,99,20,66,98,61,74,97,18,87,88,25,65,88,1,48,80,36,76,79,20,67,98,57,58,73,13,82,83,40,71,72,31,95,96,57,59,63,17,81,85,25,26,81,29,82,84,13,14,82,14,82,84,16,17,85,14,15,84,15,16,86,15,84,86,16,85,86,26,27,85,26,81,85,27,85,86,28,29,84,28,84,86,29,30,82,27,28,86,17,18,81,50,61,97,19,66,75,41,42,89,8,41,72,30,82,83,66,78,79,60,61,74,31,74,96,77,80,92,66,75,78,55,56,90,37,38,69,36,37,76,8,40,72,83,93,94,65,87,88,22,23,87,23,24,65,47,48,92,25,81,88,18,81,88,12,73,77,41,72,89,42,43,59,5,19,75,54,55,62,53,54,91,67,76,98,38,69,70,44,45,57,52,53,60,46,47,58,50,51,61,39,40,71,30,83,95,57,63,73,76,79,98,83,94,95,42,59,89,60,64,74,62,64,91,60,64,91,48,80,92,55,62,90,23,65,87,47,58,92,54,62,91,66,79,98,53,60,91,5,32,75,11,12,73,1,10,94,1,80,94,2,10,94,2,49,97,2,94,95,3,11,68,4,18,87,4,22,87,6,24,65,6,25,65,7,33,56,11,63,73,11,68,70,31,32,64,31,64,74,32,33,34,32,75,78,33,56,90,34,35,78,39,70,71,43,44,57,45,46,58,51,52,61,58,77,92,59,63,89,62,64,90,71,72,89,77,80,93,80,93,94,43,54,108,41,56,106,48,49,103,43,54,107,44,53,100,47,50,102,41,56,105,46,51,101,47,50,104,48,49,102,46,51,104,44,53,107,42,55,105,45,52,100,45,52,101,42,55,108,2,49,103,8,41,106,41,42,105,42,43,108,43,44,107,44,45,100,45,46,101,46,47,104,47,48,102,49,50,102,50,51,104,51,52,101,52,53,100,53,54,107,54,55,108,55,56,105,1,10,103,1,48,103,2,10,103,7,9,106,7,56,106,8,9,106]},"node_coordinates":[0.6000000000000001,0.19,0.6000000000000001,0.21,0.0,0.0,2.5,0.0,0.0,0.41,2.5,0.41,0.2489897948556638,0.2099999999999995,0.2489897948556638,0.1900000000000006,0.25,0.2,0.6000000000000001,0.2,0.2777777777777778,0.0,0.5555555555555556,0.0,0.8333333333333333,0.0,1.111111111111111,0.0,1.388888888888889,0.0,1.666666666666667,0.0,1.944444444444444,0.0,2.222222222222222,0.0,0.0,0.3075,0.0,0.205,0.0,0.1025,2.5,0.1025,2.5,0.205,2.5,0.3074999999999999,2.222222222222222,0.41,1.944444444444444,0.41,1.666666666666667,0.41,1.388888888888889,0.41,1.111111111111111,0.41,0.8333333333333335,0.41,0.5555555555555558,0.41,0.2777777777777777,0.41,0.2328206049114593,0.2377201258381503,0.2031313201871106,0.2499018520085758,0.1721521218298192,0.2415270475885147,0.152644557018054,0.2160456230786986,0.1526445570180541,0.1839543769213012,0.1721521218298193,0.1584729524114852,0.2031313201871107,0.1500981479914243,0.2328206049114594,0.1622798741618498,0.2879909287605901,0.19,0.3269920626655164,0.19,0.3659931965704428,0.19,0.4049943304753691,0.19,0.4439954643802955,0.19,0.4829965982852216,0.19,0.5219977321901478,0.19,0.560998866095074,0.19,0.5609988660950738,0.21,0.5219977321901474,0.21,0.4829965982852212,0.21,0.4439954643802949,0.21,0.4049943304753686,0.21,0.3659931965704423,0.21,0.3269920626655161,0.21,0.28799092876059,0.21,0.4161375115910623,0.1529396655388609,0.4924685639569137,0.1515675587427508,0.3599547829728065,0.1572019666208225,0.4309950864119863,0.2513275841203982,0.4831928531610092,0.2417501205149195,0.3542928563989646,0.2414250388293269,0.3645046968377018,0.1099564963291833,0.3854937635229057,0.2995732486705051,2.397457103638356,0.2818749999999999,0.06880216799271999,0.2687774612340436,0.07395119389464488,0.1772796382022755,0.1069728579163587,0.07221328675475949,0.135118400609046,0.1587716327241361,0.1605462470423455,0.1234144914133878,0.2407241439147167,0.1250367046331592,0.2631365705913069,0.1639214570393348,0.4552159487221086,0.08605949150440478,0.5006671788923274,0.2973977351187193,0.07912719416302672,0.3425943574362447,0.1197531994635479,0.1996640851564178,0.5771583107762998,0.09445907531389006,0.1463329796488044,0.2937409257340967,0.1244166414032106,0.2394324221331739,0.616712531015092,0.1529015696976595,2.065029482064118,0.205,0.983168742637883,0.2078154792681489,0.7945295392730958,0.2030575084525328,1.25,0.205,1.805555555555555,0.205,1.527777777777778,0.205,2.3951612215594,0.1323958333333333,2.251288003495819,0.205,0.3030115662172024,0.1337309463746428,0.3108946656728689,0.2681197355563303,0.3883538466759334,0.242465174324046,0.5503332289026784,0.1559108940397389,0.6917537041672142,0.1038526972496913,0.6571025558161229,0.1962307187481144,0.6842457467651293,0.3018875518566684,0.589481561996499,0.3092691934812208,0.5490674439626861,0.2571440595799859,0.07738464055082472,0.2180307213451822,0.09531773989247916,0.1268358098189118,0.424494897427832,0.2,0.4634960313327583,0.2,0.5414982991426107,0.2,0.5805351803906121,0.2000000000000001,0.5024971652376845,0.2,0.3074914957130532,0.2,0.2685282445776128,0.1999999999999999,0.3854937635229057,0.2,0.3464926296179794,0.2],"cell_type":[1,1,1,1,1,1,1,1,1,1,1,1,1,1,1,1,1,1,1,1,1,1,1,1,1,1,1,1,1,1,1,1,1,1,1,1,1,1,1,1,1,1,1,1,1,1,1,1,1,1,1,1,1,1,1,1,1,1,1,1,1,1,1,1,1,1,1,1,1,1,1,1,1,1,1,1,1,1,1,1,1,1,1,1,1,1,1,1,1,1,1,1,1,1,1,1,1,1,1,1,1,1,1,1,1,1,1,1,1,1,1,1,1,1,1,1,1,1,1,1,1,1,1,1,1,1,1,1,1,1,1,1,1,1,1,1,1,1,1,1,1,1,1,1,1,1,1,1,1,1,1,1,1,1,1,1,1,1,1,1,1,1,1,1,1,1,1,1,1,1,1,1,1,1,1,1,1,1,1],"reffes":[{"orders":[1,1],"value":"Float64","space":"default","extrusion":[2,2]}],"Dp":2,"orientation":true},"vertex_node":[1,2,3,4,5,6,7,8,9,10,11,12,13,14,15,16,17,18,19,20,21,22,23,24,25,26,27,28,29,30,31,32,33,34,35,36,37,38,39,40,41,42,43,44,45,46,47,48,49,50,51,52,53,54,55,56,57,58,59,60,61,62,63,64,65,66,67,68,69,70,71,72,73,74,75,76,77,78,79,80,81,82,83,84,85,86,87,88,89,90,91,92,93,94,95,96,97,98,99,100,101,102,103,104,105,106,107,108],"version":"v0.7","face_vertices_2":{"ptrs":[1,4,7,10,13,16,19,22,25,28,31,34,37,40,43,46,49,52,55,58,61,64,67,70,73,76,79,82,85,88,91,94,97,100,103,106,109,112,115,118,121,124,127,130,133,136,139,142,145,148,151,154,157,160,163,166,169,172,175,178,181,184,187,190,193,196,199,202,205,208,211,214,217,220,223,226,229,232,235,238,241,244,247,250,253,256,259,262,265,268,271,274,277,280,283,286,289,292,295,298,301,304,307,310,313,316,319,322,325,328,331,334,337,340,343,346,349,352,355,358,361,364,367,370,373,376,379,382,385,388,391,394,397,400,403,406,409,412,415,418,421,424,427,430,433,436,439,442,445,448,451,454,457,460,463,466,469,472,475,478,481,484,487,490,493,496,499,502,505,508,511,514,517,520,523,526,529,532,535,538],